{"v":"5.5.10","fr":30,"ip":0,"op":121,"w":500,"h":500,"nm":"Restaurant","ddd":0,"assets":[],"layers":[{"ddd":0,"ind":1,"ty":4,"nm":"Restaurant - Group 3","sr":1,"ks":{"o":{"a":0,"k":100,"ix":11},"r":{"a":1,"k":[{"i":{"x":[0.667],"y":[1]},"o":{"x":[0.75],"y":[0]},"t":0,"s":[0]},{"i":{"x":[0.667],"y":[1]},"o":{"x":[0.75],"y":[0]},"t":30,"s":[-45]},{"i":{"x":[0.667],"y":[1]},"o":{"x":[0.75],"y":[0]},"t":75,"s":[-45]},{"t":105,"s":[0]}],"ix":10},"p":{"a":1,"k":[{"i":{"x":0.667,"y":1},"o":{"x":0.75,"y":0},"t":0,"s":[392.365,252.273,0],"to":[0,0,0],"ti":[0,0,0]},{"i":{"x":0.667,"y":0.667},"o":{"x":0.75,"y":0.75},"t":30,"s":[252.985,252.273,0],"to":[0,0,0],"ti":[0,0,0]},{"i":{"x":0.667,"y":1},"o":{"x":0.75,"y":0},"t":75,"s":[252.985,252.273,0],"to":[0,0,0],"ti":[0,0,0]},{"t":105,"s":[392.365,252.273,0]}],"ix":2},"a":{"a":0,"k":[392.365,249.678,0],"ix":1},"s":{"a":1,"k":[{"i":{"x":[0.667,0.667,0.667],"y":[1,1,1]},"o":{"x":[0.73,0.73,0.73],"y":[0,0,0]},"t":30,"s":[100,100,100]},{"i":{"x":[0.27,0.27,0.27],"y":[1,1,1]},"o":{"x":[0.73,0.73,0.73],"y":[0,0,0]},"t":40,"s":[90,90,100]},{"i":{"x":[0.27,0.27,0.27],"y":[1,1,1]},"o":{"x":[0.333,0.333,0.333],"y":[0,0,0]},"t":60,"s":[90,90,100]},{"t":75,"s":[100,100,100]}],"ix":6}},"ao":0,"shapes":[{"ty":"gr","it":[{"ind":0,"ty":"sh","ix":1,"ks":{"a":0,"k":{"i":[[0,0],[4.765,0],[0,0],[0,4.765],[0,0],[0,0]],"o":[[0,4.765],[0,0],[-4.765,0],[0,0],[0,0],[0,0]],"v":[[55.628,205.177],[46.987,213.824],[40.063,213.824],[31.415,205.177],[31.415,91.01],[55.628,91.01]],"c":true},"ix":2},"nm":"Path 1","mn":"ADBE Vector Shape - Group","hd":false},{"ind":1,"ty":"sh","ix":2,"ks":{"a":0,"k":{"i":[[-30.105,36.818],[0,0],[0,0]],"o":[[0,0],[0,0],[-75.305,-120.107]],"v":[[55.628,-204.644],[55.628,80.633],[9.294,80.633]],"c":true},"ix":2},"nm":"Path 2","mn":"ADBE Vector Shape - Group","hd":false},{"ind":2,"ty":"sh","ix":3,"ks":{"a":0,"k":{"i":[[0,0],[-13.139,-36.08],[0,0],[-6.043,-9.358],[-1.756,0],[0,0],[0,0],[-10.494,0],[0,0],[0,10.493],[0,0],[1.969,0.793],[1.462,-1.532],[19.77,-84.998]],"o":[[-5.728,33.202],[0,0],[4.198,9.406],[0.95,1.483],[0,0],[0,0],[0,10.493],[0,0],[10.487,0],[0,0],[0,-2.126],[-1.969,-0.773],[-0.971,1.011],[0,0]],"v":[[-26.718,-57.493],[-18.412,47.588],[-13.224,60.481],[2.089,88.638],[6.443,91.01],[21.038,91.01],[21.038,205.177],[40.063,224.201],[46.987,224.201],[66.012,205.177],[66.012,-218.602],[62.751,-223.428],[57.064,-222.184],[-23.874,-71.588]],"c":true},"ix":2},"nm":"Path 3","mn":"ADBE Vector Shape - Group","hd":false},{"ty":"fl","c":{"a":0,"k":[0.102000000898,0.090000002992,0.105999995213,1],"ix":4},"o":{"a":0,"k":100,"ix":5},"r":1,"bm":0,"nm":"Fill 1","mn":"ADBE Vector Graphic - Fill","hd":false},{"ty":"tr","p":{"a":0,"k":[374.395,249.473],"ix":2},"a":{"a":0,"k":[0,0],"ix":1},"s":{"a":0,"k":[100,100],"ix":3},"r":{"a":0,"k":0,"ix":6},"o":{"a":0,"k":100,"ix":7},"sk":{"a":0,"k":0,"ix":4},"sa":{"a":0,"k":0,"ix":5},"nm":"Transform"}],"nm":"Group 3","np":5,"cix":2,"bm":0,"ix":1,"mn":"ADBE Vector Group","hd":false}],"ip":0,"op":121,"st":0,"bm":0},{"ddd":0,"ind":2,"ty":4,"nm":"Restaurant - Group 7","parent":1,"sr":1,"ks":{"o":{"a":0,"k":100,"ix":11},"r":{"a":0,"k":0,"ix":10},"p":{"a":0,"k":[407.539,295.643,0],"ix":2},"a":{"a":0,"k":[407.539,295.643,0],"ix":1},"s":{"a":0,"k":[100,100,100],"ix":6}},"ao":0,"shapes":[{"ty":"gr","it":[{"ind":0,"ty":"sh","ix":1,"ks":{"a":1,"k":[{"i":{"x":0.55,"y":1},"o":{"x":0.45,"y":0},"t":-43,"s":[{"i":[[2.864,0],[0,-2.864],[0,0],[-2.864,0],[0,2.865],[0,0]],"o":[[-2.864,0],[0,0],[0,2.865],[2.864,0],[0,0],[0,-2.864]],"v":[[0,-17.168],[-5.188,-11.98],[-5.188,11.98],[0,17.168],[5.188,11.98],[5.188,-11.98]],"c":true}]},{"i":{"x":0.55,"y":1},"o":{"x":0.45,"y":0},"t":17,"s":[{"i":[[2.864,0],[0,-2.864],[0,0],[-2.864,0],[0,2.865],[0,0]],"o":[[-2.864,0],[0,0],[0,2.865],[2.864,0],[0,0],[0,-2.864]],"v":[[0,-67.168],[-5.188,-61.98],[-5.188,-44.02],[0,-38.832],[5.188,-44.02],[5.188,-61.98]],"c":true}]},{"i":{"x":0.55,"y":1},"o":{"x":0.45,"y":0},"t":77,"s":[{"i":[[2.864,0],[0,-2.864],[0,0],[-2.864,0],[0,2.865],[0,0]],"o":[[-2.864,0],[0,0],[0,2.865],[2.864,0],[0,0],[0,-2.864]],"v":[[0,-17.168],[-5.188,-11.98],[-5.188,11.98],[0,17.168],[5.188,11.98],[5.188,-11.98]],"c":true}]},{"i":{"x":0.55,"y":1},"o":{"x":0.45,"y":0},"t":137,"s":[{"i":[[2.864,0],[0,-2.864],[0,0],[-2.864,0],[0,2.865],[0,0]],"o":[[-2.864,0],[0,0],[0,2.865],[2.864,0],[0,0],[0,-2.864]],"v":[[0,-67.168],[-5.188,-61.98],[-5.188,-44.02],[0,-38.832],[5.188,-44.02],[5.188,-61.98]],"c":true}]},{"t":197,"s":[{"i":[[2.864,0],[0,-2.864],[0,0],[-2.864,0],[0,2.865],[0,0]],"o":[[-2.864,0],[0,0],[0,2.865],[2.864,0],[0,0],[0,-2.864]],"v":[[0,-17.168],[-5.188,-11.98],[-5.188,11.98],[0,17.168],[5.188,11.98],[5.188,-11.98]],"c":true}]}],"ix":2},"nm":"Path 1","mn":"ADBE Vector Shape - Group","hd":false},{"ty":"fl","c":{"a":0,"k":[0,0.630999995213,0.944999964097,1],"ix":4},"o":{"a":0,"k":100,"ix":5},"r":1,"bm":0,"nm":"Fill 1","mn":"ADBE Vector Graphic - Fill","hd":false},{"ty":"tr","p":{"a":0,"k":[407.539,295.643],"ix":2},"a":{"a":0,"k":[0,0],"ix":1},"s":{"a":0,"k":[100,100],"ix":3},"r":{"a":0,"k":0,"ix":6},"o":{"a":0,"k":100,"ix":7},"sk":{"a":0,"k":0,"ix":4},"sa":{"a":0,"k":0,"ix":5},"nm":"Transform"}],"nm":"Group 7","np":2,"cix":2,"bm":0,"ix":1,"mn":"ADBE Vector Group","hd":false}],"ip":0,"op":121,"st":0,"bm":0},{"ddd":0,"ind":3,"ty":4,"nm":"Restaurant - Group 8","parent":1,"sr":1,"ks":{"o":{"a":0,"k":100,"ix":11},"r":{"a":0,"k":0,"ix":10},"p":{"a":0,"k":[407.539,195.322,0],"ix":2},"a":{"a":0,"k":[407.539,195.322,0],"ix":1},"s":{"a":0,"k":[100,100,100],"ix":6}},"ao":0,"shapes":[{"ty":"gr","it":[{"ind":0,"ty":"sh","ix":1,"ks":{"a":1,"k":[{"i":{"x":0.55,"y":1},"o":{"x":0.45,"y":0},"t":-43,"s":[{"i":[[2.864,0],[0,-2.87],[0,0],[-2.864,0],[0,2.864],[0,0]],"o":[[-2.864,0],[0,0],[0,2.864],[2.864,0],[0,0],[0,-2.87]],"v":[[0,-65.851],[-5.188,-60.656],[-5.188,60.662],[0,65.851],[5.188,60.662],[5.188,-60.656]],"c":true}]},{"i":{"x":0.55,"y":1},"o":{"x":0.45,"y":0},"t":17,"s":[{"i":[[2.864,0],[0,-2.87],[0,0],[-2.864,0],[0,2.864],[0,0]],"o":[[-2.864,0],[0,0],[0,2.864],[2.864,0],[0,0],[0,-2.87]],"v":[[0,-85.851],[-5.188,-80.656],[-5.188,10.662],[0,15.851],[5.188,10.662],[5.188,-80.656]],"c":true}]},{"i":{"x":0.55,"y":1},"o":{"x":0.45,"y":0},"t":77,"s":[{"i":[[2.864,0],[0,-2.87],[0,0],[-2.864,0],[0,2.864],[0,0]],"o":[[-2.864,0],[0,0],[0,2.864],[2.864,0],[0,0],[0,-2.87]],"v":[[0,-65.851],[-5.188,-60.656],[-5.188,60.662],[0,65.851],[5.188,60.662],[5.188,-60.656]],"c":true}]},{"i":{"x":0.55,"y":1},"o":{"x":0.45,"y":0},"t":137,"s":[{"i":[[2.864,0],[0,-2.87],[0,0],[-2.864,0],[0,2.864],[0,0]],"o":[[-2.864,0],[0,0],[0,2.864],[2.864,0],[0,0],[0,-2.87]],"v":[[0,-85.851],[-5.188,-80.656],[-5.188,10.662],[0,15.851],[5.188,10.662],[5.188,-80.656]],"c":true}]},{"t":197,"s":[{"i":[[2.864,0],[0,-2.87],[0,0],[-2.864,0],[0,2.864],[0,0]],"o":[[-2.864,0],[0,0],[0,2.864],[2.864,0],[0,0],[0,-2.87]],"v":[[0,-65.851],[-5.188,-60.656],[-5.188,60.662],[0,65.851],[5.188,60.662],[5.188,-60.656]],"c":true}]}],"ix":2},"nm":"Path 1","mn":"ADBE Vector Shape - Group","hd":false},{"ty":"fl","c":{"a":0,"k":[0,0.630999995213,0.944999964097,1],"ix":4},"o":{"a":0,"k":100,"ix":5},"r":1,"bm":0,"nm":"Fill 1","mn":"ADBE Vector Graphic - Fill","hd":false},{"ty":"tr","p":{"a":0,"k":[407.539,195.322],"ix":2},"a":{"a":0,"k":[0,0],"ix":1},"s":{"a":0,"k":[100,100],"ix":3},"r":{"a":0,"k":0,"ix":6},"o":{"a":0,"k":100,"ix":7},"sk":{"a":0,"k":0,"ix":4},"sa":{"a":0,"k":0,"ix":5},"nm":"Transform"}],"nm":"Group 8","np":2,"cix":2,"bm":0,"ix":1,"mn":"ADBE Vector Group","hd":false}],"ip":0,"op":121,"st":0,"bm":0},{"ddd":0,"ind":4,"ty":4,"nm":"Restaurant - Group 10","parent":1,"sr":1,"ks":{"o":{"a":0,"k":100,"ix":11},"r":{"a":0,"k":0,"ix":10},"p":{"a":0,"k":[417.92,401.897,0],"ix":2},"a":{"a":0,"k":[417.92,401.897,0],"ix":1},"s":{"a":0,"k":[100,100,100],"ix":6}},"ao":0,"shapes":[{"ty":"gr","it":[{"ind":0,"ty":"sh","ix":1,"ks":{"a":0,"k":{"i":[[0,0],[0,0],[-7.643,0],[0,0],[0,7.642],[0,0]],"o":[[0,0],[0,7.642],[0,0],[7.642,0],[0,0],[0,0]],"v":[[-17.298,-66.595],[-17.298,52.754],[-3.456,66.595],[3.462,66.595],[17.298,52.754],[17.298,-66.595]],"c":true},"ix":2},"nm":"Path 1","mn":"ADBE Vector Shape - Group","hd":false},{"ty":"fl","c":{"a":0,"k":[0.964999988032,0.325,0.078000005086,1],"ix":4},"o":{"a":0,"k":100,"ix":5},"r":1,"bm":0,"nm":"Fill 1","mn":"ADBE Vector Graphic - Fill","hd":false},{"ty":"tr","p":{"a":0,"k":[417.92,401.897],"ix":2},"a":{"a":0,"k":[0,0],"ix":1},"s":{"a":0,"k":[100,100],"ix":3},"r":{"a":0,"k":0,"ix":6},"o":{"a":0,"k":100,"ix":7},"sk":{"a":0,"k":0,"ix":4},"sa":{"a":0,"k":0,"ix":5},"nm":"Transform"}],"nm":"Group 10","np":2,"cix":2,"bm":0,"ix":1,"mn":"ADBE Vector Group","hd":false}],"ip":0,"op":121,"st":0,"bm":0},{"ddd":0,"ind":5,"ty":4,"nm":"alpha","td":1,"sr":1,"ks":{"o":{"a":0,"k":100,"ix":11},"r":{"a":1,"k":[{"i":{"x":[0.667],"y":[1]},"o":{"x":[0.75],"y":[0]},"t":0,"s":[0]},{"i":{"x":[0.667],"y":[1]},"o":{"x":[0.75],"y":[0]},"t":30,"s":[-45]},{"i":{"x":[0.667],"y":[1]},"o":{"x":[0.75],"y":[0]},"t":75,"s":[-45]},{"t":105,"s":[0]}],"ix":10},"p":{"a":1,"k":[{"i":{"x":0.667,"y":1},"o":{"x":0.75,"y":0},"t":0,"s":[392.365,252.273,0],"to":[0,0,0],"ti":[0,0,0]},{"i":{"x":0.667,"y":0.667},"o":{"x":0.75,"y":0.75},"t":30,"s":[252.985,252.273,0],"to":[0,0,0],"ti":[0,0,0]},{"i":{"x":0.667,"y":1},"o":{"x":0.75,"y":0},"t":75,"s":[252.985,252.273,0],"to":[0,0,0],"ti":[0,0,0]},{"t":105,"s":[392.365,252.273,0]}],"ix":2},"a":{"a":0,"k":[392.365,249.678,0],"ix":1},"s":{"a":0,"k":[100,100,100],"ix":6}},"ao":0,"shapes":[{"ty":"gr","it":[{"ind":0,"ty":"sh","ix":1,"ks":{"a":0,"k":{"i":[[0,0],[6.444,0],[0,0],[0,5.184],[0,0],[0,0]],"o":[[0,5.184],[0,0],[-6.444,0],[0,0],[0,0],[0,0]],"v":[[59.892,209.818],[48.207,219.226],[38.844,219.226],[27.15,209.818],[27.15,85.609],[59.892,85.609]],"c":true},"ix":2},"nm":"Path 1","mn":"ADBE Vector Shape - Group","hd":false},{"ind":1,"ty":"sh","ix":2,"ks":{"a":0,"k":{"i":[[-32.154,37.816],[0,0],[0,0]],"o":[[0,0],[0,0],[-80.43,-123.364]],"v":[[58.832,-209.755],[58.832,83.257],[9.344,83.257]],"c":true},"ix":2},"nm":"Path 2","mn":"ADBE Vector Shape - Group","hd":false},{"ty":"fl","c":{"a":0,"k":[0.102000000898,0.090000002992,0.105999995213,1],"ix":4},"o":{"a":0,"k":100,"ix":5},"r":1,"bm":0,"nm":"Fill 1","mn":"ADBE Vector Graphic - Fill","hd":false},{"ty":"tr","p":{"a":0,"k":[374.395,249.473],"ix":2},"a":{"a":0,"k":[0,0],"ix":1},"s":{"a":0,"k":[100,100],"ix":3},"r":{"a":0,"k":0,"ix":6},"o":{"a":0,"k":100,"ix":7},"sk":{"a":0,"k":0,"ix":4},"sa":{"a":0,"k":0,"ix":5},"nm":"Transform"}],"nm":"Group 3","np":4,"cix":2,"bm":0,"ix":1,"mn":"ADBE Vector Group","hd":false}],"ip":0,"op":121,"st":0,"bm":0},{"ddd":0,"ind":6,"ty":4,"nm":"Restaurant - Group 4","tt":2,"sr":1,"ks":{"o":{"a":0,"k":100,"ix":11},"r":{"a":1,"k":[{"i":{"x":[0.667],"y":[1]},"o":{"x":[0.75],"y":[0]},"t":0,"s":[0]},{"i":{"x":[0.667],"y":[1]},"o":{"x":[0.75],"y":[0]},"t":30,"s":[45]},{"i":{"x":[0.667],"y":[1]},"o":{"x":[0.75],"y":[0]},"t":75,"s":[45]},{"t":105,"s":[0]}],"ix":10},"p":{"a":1,"k":[{"i":{"x":0.667,"y":1},"o":{"x":0.75,"y":0},"t":0,"s":[82.319,251.675,0],"to":[0,0,0],"ti":[0,0,0]},{"i":{"x":0.667,"y":0.667},"o":{"x":0.75,"y":0.75},"t":30,"s":[252.985,252.273,0],"to":[0,0,0],"ti":[0,0,0]},{"i":{"x":0.667,"y":1},"o":{"x":0.75,"y":0},"t":75,"s":[252.985,252.273,0],"to":[0,0,0],"ti":[0,0,0]},{"t":105,"s":[82.319,251.675,0]}],"ix":2},"a":{"a":0,"k":[82.319,249.675,0],"ix":1},"s":{"a":1,"k":[{"i":{"x":[0.667,0.667,0.667],"y":[1,1,1]},"o":{"x":[0.73,0.73,0.73],"y":[0,0,0]},"t":30,"s":[100,100,100]},{"i":{"x":[0.27,0.27,0.27],"y":[1,1,1]},"o":{"x":[0.73,0.73,0.73],"y":[0,0,0]},"t":40,"s":[90,90,100]},{"i":{"x":[0.27,0.27,0.27],"y":[1,1,1]},"o":{"x":[0.333,0.333,0.333],"y":[0,0,0]},"t":60,"s":[90,90,100]},{"t":75,"s":[100,100,100]}],"ix":6}},"ao":0,"shapes":[{"ty":"gr","it":[{"ind":0,"ty":"sh","ix":1,"ks":{"a":0,"k":{"i":[[0,0],[0,0],[4.649,0],[0,0],[0,4.649],[0,0]],"o":[[0,0],[0,4.649],[0,0],[-4.648,0],[0,0],[0,0]],"v":[[12.114,-19.893],[12.114,205.187],[3.678,213.623],[-3.678,213.623],[-12.105,205.187],[-12.105,-19.893]],"c":true},"ix":2},"nm":"Path 1","mn":"ADBE Vector Shape - Group","hd":false},{"ind":1,"ty":"sh","ix":2,"ks":{"a":0,"k":{"i":[[0,29.093],[0,0],[2.865,0],[0,-2.871],[0,0],[22.674,-2.591],[0,0],[2.864,0],[0,-2.871],[0,0],[0,23.365],[0,0],[2.858,0],[0,-2.871],[0,0],[-28.409,-2.631],[0,0],[0,0],[0,-2.865],[0,0],[-10.363,0],[0,0],[0,10.377],[0,0],[2.871,0],[0,0],[0,0]],"o":[[0,0],[0,-2.871],[-2.864,0],[0,0],[0,23.365],[0,0],[0,-2.871],[-2.864,0],[0,0],[-22.675,-2.591],[0,0],[0,-2.871],[-2.87,0],[0,0],[0,29.093],[0,0],[0,0],[-2.871,0],[0,0],[0,10.377],[0,0],[10.371,0],[0,0],[0,-2.865],[0,0],[0,0],[28.416,-2.631]],"v":[[55.932,-117.414],[55.932,-218.805],[50.737,-224],[45.549,-218.805],[45.549,-117.414],[5.189,-72.174],[5.189,-218.805],[0,-224],[-5.189,-218.805],[-5.189,-72.174],[-45.555,-117.414],[-45.555,-218.805],[-50.736,-224],[-55.932,-218.805],[-55.932,-117.414],[-5.189,-61.743],[-5.189,-30.27],[-17.295,-30.27],[-22.49,-25.081],[-22.49,205.187],[-3.678,224],[3.678,224],[22.491,205.187],[22.491,-25.081],[17.296,-30.27],[5.189,-30.27],[5.189,-61.743]],"c":true},"ix":2},"nm":"Path 2","mn":"ADBE Vector Shape - Group","hd":false},{"ty":"mm","mm":1,"nm":"Merge Paths 1","mn":"ADBE Vector Filter - Merge","hd":false},{"ty":"fl","c":{"a":0,"k":[0.102000000898,0.090000002992,0.105999995213,1],"ix":4},"o":{"a":0,"k":100,"ix":5},"r":1,"bm":0,"nm":"Fill 1","mn":"ADBE Vector Graphic - Fill","hd":false},{"ty":"tr","p":{"a":0,"k":[82.319,249.675],"ix":2},"a":{"a":0,"k":[0,0],"ix":1},"s":{"a":0,"k":[100,100],"ix":3},"r":{"a":0,"k":0,"ix":6},"o":{"a":0,"k":100,"ix":7},"sk":{"a":0,"k":0,"ix":4},"sa":{"a":0,"k":0,"ix":5},"nm":"Transform"}],"nm":"Group 4","np":4,"cix":2,"bm":0,"ix":1,"mn":"ADBE Vector Group","hd":false}],"ip":0,"op":121,"st":0,"bm":0},{"ddd":0,"ind":7,"ty":4,"nm":"alpha 2","td":1,"sr":1,"ks":{"o":{"a":0,"k":100,"ix":11},"r":{"a":1,"k":[{"i":{"x":[0.667],"y":[1]},"o":{"x":[0.75],"y":[0]},"t":0,"s":[0]},{"i":{"x":[0.667],"y":[1]},"o":{"x":[0.75],"y":[0]},"t":30,"s":[-45]},{"i":{"x":[0.667],"y":[1]},"o":{"x":[0.75],"y":[0]},"t":75,"s":[-45]},{"t":105,"s":[0]}],"ix":10},"p":{"a":1,"k":[{"i":{"x":0.667,"y":1},"o":{"x":0.75,"y":0},"t":0,"s":[392.365,252.273,0],"to":[0,0,0],"ti":[0,0,0]},{"i":{"x":0.667,"y":0.667},"o":{"x":0.75,"y":0.75},"t":30,"s":[252.985,252.273,0],"to":[0,0,0],"ti":[0,0,0]},{"i":{"x":0.667,"y":1},"o":{"x":0.75,"y":0},"t":75,"s":[252.985,252.273,0],"to":[0,0,0],"ti":[0,0,0]},{"t":105,"s":[392.365,252.273,0]}],"ix":2},"a":{"a":0,"k":[392.365,249.678,0],"ix":1},"s":{"a":1,"k":[{"i":{"x":[0.667,0.667,0.667],"y":[1,1,1]},"o":{"x":[0.73,0.73,0.73],"y":[0,0,0]},"t":30,"s":[100,100,100]},{"i":{"x":[0.27,0.27,0.27],"y":[1,1,1]},"o":{"x":[0.73,0.73,0.73],"y":[0,0,0]},"t":40,"s":[90,90,100]},{"i":{"x":[0.27,0.27,0.27],"y":[1,1,1]},"o":{"x":[0.333,0.333,0.333],"y":[0,0,0]},"t":60,"s":[90,90,100]},{"t":70,"s":[100,100,100]}],"ix":6}},"ao":0,"shapes":[{"ty":"gr","it":[{"ind":0,"ty":"sh","ix":1,"ks":{"a":0,"k":{"i":[[0,0],[6.444,0],[0,0],[0,5.184],[0,0],[0,0]],"o":[[0,5.184],[0,0],[-6.444,0],[0,0],[0,0],[0,0]],"v":[[59.892,209.818],[48.207,219.226],[38.844,219.226],[27.15,209.818],[27.15,85.609],[59.892,85.609]],"c":true},"ix":2},"nm":"Path 1","mn":"ADBE Vector Shape - Group","hd":false},{"ind":1,"ty":"sh","ix":2,"ks":{"a":0,"k":{"i":[[-32.154,37.816],[0,0],[0,0]],"o":[[0,0],[0,0],[-80.43,-123.364]],"v":[[58.832,-209.755],[58.832,83.257],[9.344,83.257]],"c":true},"ix":2},"nm":"Path 2","mn":"ADBE Vector Shape - Group","hd":false},{"ty":"fl","c":{"a":0,"k":[0.102000000898,0.090000002992,0.105999995213,1],"ix":4},"o":{"a":0,"k":100,"ix":5},"r":1,"bm":0,"nm":"Fill 1","mn":"ADBE Vector Graphic - Fill","hd":false},{"ty":"tr","p":{"a":0,"k":[374.395,249.473],"ix":2},"a":{"a":0,"k":[0,0],"ix":1},"s":{"a":0,"k":[100,100],"ix":3},"r":{"a":0,"k":0,"ix":6},"o":{"a":0,"k":100,"ix":7},"sk":{"a":0,"k":0,"ix":4},"sa":{"a":0,"k":0,"ix":5},"nm":"Transform"}],"nm":"Group 3","np":4,"cix":2,"bm":0,"ix":1,"mn":"ADBE Vector Group","hd":false}],"ip":0,"op":121,"st":0,"bm":0},{"ddd":0,"ind":8,"ty":4,"nm":"Restaurant - Group 9","parent":6,"tt":2,"sr":1,"ks":{"o":{"a":0,"k":100,"ix":11},"r":{"a":0,"k":0,"ix":10},"p":{"a":0,"k":[82.32,346.54,0],"ix":2},"a":{"a":0,"k":[82.32,346.54,0],"ix":1},"s":{"a":0,"k":[100,100,100],"ix":6}},"ao":0,"shapes":[{"ty":"gr","it":[{"ind":0,"ty":"sh","ix":1,"ks":{"a":0,"k":{"i":[[0,0],[-7.52,0],[0,0],[0,7.526],[0,0],[0,0]],"o":[[0,7.526],[0,0],[7.52,0],[0,0],[0,0],[0,0]],"v":[[-17.295,108.323],[-3.678,121.947],[3.677,121.947],[17.295,108.323],[17.295,-121.946],[-17.295,-121.946]],"c":true},"ix":2},"nm":"Path 1","mn":"ADBE Vector Shape - Group","hd":false},{"ty":"fl","c":{"a":0,"k":[0.964999988032,0.325,0.078000005086,1],"ix":4},"o":{"a":0,"k":100,"ix":5},"r":1,"bm":0,"nm":"Fill 1","mn":"ADBE Vector Graphic - Fill","hd":false},{"ty":"tr","p":{"a":0,"k":[82.32,346.54],"ix":2},"a":{"a":0,"k":[0,0],"ix":1},"s":{"a":0,"k":[100,100],"ix":3},"r":{"a":0,"k":0,"ix":6},"o":{"a":0,"k":100,"ix":7},"sk":{"a":0,"k":0,"ix":4},"sa":{"a":0,"k":0,"ix":5},"nm":"Transform"}],"nm":"Group 9","np":2,"cix":2,"bm":0,"ix":1,"mn":"ADBE Vector Group","hd":false}],"ip":0,"op":121,"st":0,"bm":0},{"ddd":0,"ind":9,"ty":4,"nm":"alpha 4","td":1,"sr":1,"ks":{"o":{"a":0,"k":100,"ix":11},"r":{"a":1,"k":[{"i":{"x":[0.667],"y":[1]},"o":{"x":[0.75],"y":[0]},"t":0,"s":[0]},{"i":{"x":[0.667],"y":[1]},"o":{"x":[0.75],"y":[0]},"t":30,"s":[-45]},{"i":{"x":[0.667],"y":[1]},"o":{"x":[0.75],"y":[0]},"t":75,"s":[-45]},{"t":105,"s":[0]}],"ix":10},"p":{"a":1,"k":[{"i":{"x":0.667,"y":1},"o":{"x":0.75,"y":0},"t":0,"s":[392.365,252.273,0],"to":[0,0,0],"ti":[0,0,0]},{"i":{"x":0.667,"y":0.667},"o":{"x":0.75,"y":0.75},"t":30,"s":[252.985,252.273,0],"to":[0,0,0],"ti":[0,0,0]},{"i":{"x":0.667,"y":1},"o":{"x":0.75,"y":0},"t":75,"s":[252.985,252.273,0],"to":[0,0,0],"ti":[0,0,0]},{"t":105,"s":[392.365,252.273,0]}],"ix":2},"a":{"a":0,"k":[392.365,249.678,0],"ix":1},"s":{"a":1,"k":[{"i":{"x":[0.667,0.667,0.667],"y":[1,1,1]},"o":{"x":[0.73,0.73,0.73],"y":[0,0,0]},"t":30,"s":[100,100,100]},{"i":{"x":[0.27,0.27,0.27],"y":[1,1,1]},"o":{"x":[0.73,0.73,0.73],"y":[0,0,0]},"t":40,"s":[90,90,100]},{"i":{"x":[0.27,0.27,0.27],"y":[1,1,1]},"o":{"x":[0.333,0.333,0.333],"y":[0,0,0]},"t":60,"s":[90,90,100]},{"t":70,"s":[100,100,100]}],"ix":6}},"ao":0,"shapes":[{"ty":"gr","it":[{"ind":0,"ty":"sh","ix":1,"ks":{"a":0,"k":{"i":[[0,0],[6.444,0],[0,0],[0,5.184],[0,0],[0,0]],"o":[[0,5.184],[0,0],[-6.444,0],[0,0],[0,0],[0,0]],"v":[[59.892,209.818],[48.207,219.226],[38.844,219.226],[27.15,209.818],[27.15,85.609],[59.892,85.609]],"c":true},"ix":2},"nm":"Path 1","mn":"ADBE Vector Shape - Group","hd":false},{"ind":1,"ty":"sh","ix":2,"ks":{"a":0,"k":{"i":[[-32.154,37.816],[0,0],[0,0]],"o":[[0,0],[0,0],[-80.43,-123.364]],"v":[[58.832,-209.755],[58.832,83.257],[9.344,83.257]],"c":true},"ix":2},"nm":"Path 2","mn":"ADBE Vector Shape - Group","hd":false},{"ty":"fl","c":{"a":0,"k":[0.102000000898,0.090000002992,0.105999995213,1],"ix":4},"o":{"a":0,"k":100,"ix":5},"r":1,"bm":0,"nm":"Fill 1","mn":"ADBE Vector Graphic - Fill","hd":false},{"ty":"tr","p":{"a":0,"k":[374.395,249.473],"ix":2},"a":{"a":0,"k":[0,0],"ix":1},"s":{"a":0,"k":[100,100],"ix":3},"r":{"a":0,"k":0,"ix":6},"o":{"a":0,"k":100,"ix":7},"sk":{"a":0,"k":0,"ix":4},"sa":{"a":0,"k":0,"ix":5},"nm":"Transform"}],"nm":"Group 3","np":4,"cix":2,"bm":0,"ix":1,"mn":"ADBE Vector Group","hd":false}],"ip":0,"op":121,"st":0,"bm":0},{"ddd":0,"ind":10,"ty":4,"nm":"Restaurant - Group 12","tt":2,"sr":1,"ks":{"o":{"a":0,"k":100,"ix":11},"r":{"a":0,"k":0,"ix":10},"p":{"a":0,"k":[252.985,252.273,0],"ix":2},"a":{"a":0,"k":[252.985,252.273,0],"ix":1},"s":{"a":0,"k":[100,100,100],"ix":6}},"ao":0,"shapes":[{"ty":"gr","it":[{"ind":0,"ty":"sh","ix":1,"ks":{"a":1,"k":[{"i":{"x":0.55,"y":1},"o":{"x":0.45,"y":0},"t":0,"s":[{"i":[[0,-65.211],[-65.211,0],[0,65.211],[65.211,0]],"o":[[0,65.211],[65.211,0],[0,-65.211],[-65.211,0]],"v":[[-118.075,0],[0,118.075],[118.075,0],[0,-118.075]],"c":true}]},{"i":{"x":0.55,"y":1},"o":{"x":0.45,"y":0},"t":60,"s":[{"i":[[0,-59.496],[-59.496,0],[0,59.496],[59.496,0]],"o":[[0,59.496],[59.496,0],[0,-59.496],[-59.496,0]],"v":[[-107.727,0],[0,107.727],[107.727,0],[0,-107.727]],"c":true}]},{"t":120,"s":[{"i":[[0,-65.211],[-65.211,0],[0,65.211],[65.211,0]],"o":[[0,65.211],[65.211,0],[0,-65.211],[-65.211,0]],"v":[[-118.075,0],[0,118.075],[118.075,0],[0,-118.075]],"c":true}]}],"ix":2},"nm":"Path 1","mn":"ADBE Vector Shape - Group","hd":false},{"ty":"st","c":{"a":0,"k":[0.102000000898,0.090000002992,0.105999995213,1],"ix":3},"o":{"a":0,"k":100,"ix":4},"w":{"a":0,"k":10,"ix":5},"lc":1,"lj":1,"ml":10,"bm":0,"nm":"Stroke 1","mn":"ADBE Vector Graphic - Stroke","hd":false},{"ty":"tr","p":{"a":0,"k":[252.985,252.273],"ix":2},"a":{"a":0,"k":[0,0],"ix":1},"s":{"a":0,"k":[100,100],"ix":3},"r":{"a":0,"k":0,"ix":6},"o":{"a":0,"k":100,"ix":7},"sk":{"a":0,"k":0,"ix":4},"sa":{"a":0,"k":0,"ix":5},"nm":"Transform"}],"nm":"Group 2","np":2,"cix":2,"bm":0,"ix":1,"mn":"ADBE Vector Group","hd":false}],"ip":0,"op":121,"st":0,"bm":0},{"ddd":0,"ind":11,"ty":4,"nm":"alpha 3","td":1,"sr":1,"ks":{"o":{"a":0,"k":100,"ix":11},"r":{"a":1,"k":[{"i":{"x":[0.667],"y":[1]},"o":{"x":[0.75],"y":[0]},"t":0,"s":[0]},{"i":{"x":[0.667],"y":[1]},"o":{"x":[0.75],"y":[0]},"t":30,"s":[-45]},{"i":{"x":[0.667],"y":[1]},"o":{"x":[0.75],"y":[0]},"t":75,"s":[-45]},{"t":105,"s":[0]}],"ix":10},"p":{"a":1,"k":[{"i":{"x":0.667,"y":1},"o":{"x":0.75,"y":0},"t":0,"s":[392.365,252.273,0],"to":[0,0,0],"ti":[0,0,0]},{"i":{"x":0.667,"y":0.667},"o":{"x":0.75,"y":0.75},"t":30,"s":[252.985,252.273,0],"to":[0,0,0],"ti":[0,0,0]},{"i":{"x":0.667,"y":1},"o":{"x":0.75,"y":0},"t":75,"s":[252.985,252.273,0],"to":[0,0,0],"ti":[0,0,0]},{"t":105,"s":[392.365,252.273,0]}],"ix":2},"a":{"a":0,"k":[392.365,249.678,0],"ix":1},"s":{"a":1,"k":[{"i":{"x":[0.667,0.667,0.667],"y":[1,1,1]},"o":{"x":[0.73,0.73,0.73],"y":[0,0,0]},"t":30,"s":[100,100,100]},{"i":{"x":[0.27,0.27,0.27],"y":[1,1,1]},"o":{"x":[0.73,0.73,0.73],"y":[0,0,0]},"t":40,"s":[90,90,100]},{"i":{"x":[0.27,0.27,0.27],"y":[1,1,1]},"o":{"x":[0.333,0.333,0.333],"y":[0,0,0]},"t":60,"s":[90,90,100]},{"t":70,"s":[100,100,100]}],"ix":6}},"ao":0,"shapes":[{"ty":"gr","it":[{"ind":0,"ty":"sh","ix":1,"ks":{"a":0,"k":{"i":[[0,0],[6.444,0],[0,0],[0,5.184],[0,0],[0,0]],"o":[[0,5.184],[0,0],[-6.444,0],[0,0],[0,0],[0,0]],"v":[[59.892,209.818],[48.207,219.226],[38.844,219.226],[27.15,209.818],[27.15,85.609],[59.892,85.609]],"c":true},"ix":2},"nm":"Path 1","mn":"ADBE Vector Shape - Group","hd":false},{"ind":1,"ty":"sh","ix":2,"ks":{"a":0,"k":{"i":[[-32.154,37.816],[0,0],[0,0]],"o":[[0,0],[0,0],[-80.43,-123.364]],"v":[[58.832,-209.755],[58.832,83.257],[9.344,83.257]],"c":true},"ix":2},"nm":"Path 2","mn":"ADBE Vector Shape - Group","hd":false},{"ty":"fl","c":{"a":0,"k":[0.102000000898,0.090000002992,0.105999995213,1],"ix":4},"o":{"a":0,"k":100,"ix":5},"r":1,"bm":0,"nm":"Fill 1","mn":"ADBE Vector Graphic - Fill","hd":false},{"ty":"tr","p":{"a":0,"k":[374.395,249.473],"ix":2},"a":{"a":0,"k":[0,0],"ix":1},"s":{"a":0,"k":[100,100],"ix":3},"r":{"a":0,"k":0,"ix":6},"o":{"a":0,"k":100,"ix":7},"sk":{"a":0,"k":0,"ix":4},"sa":{"a":0,"k":0,"ix":5},"nm":"Transform"}],"nm":"Group 3","np":4,"cix":2,"bm":0,"ix":1,"mn":"ADBE Vector Group","hd":false}],"ip":0,"op":121,"st":0,"bm":0},{"ddd":0,"ind":12,"ty":4,"nm":"Restaurant - Group 13","tt":2,"sr":1,"ks":{"o":{"a":0,"k":100,"ix":11},"r":{"a":0,"k":0,"ix":10},"p":{"a":0,"k":[252.985,252.273,0],"ix":2},"a":{"a":0,"k":[252.985,252.273,0],"ix":1},"s":{"a":0,"k":[100,100,100],"ix":6}},"ao":0,"shapes":[{"ty":"gr","it":[{"ind":0,"ty":"sh","ix":1,"ks":{"a":1,"k":[{"i":{"x":0.55,"y":1},"o":{"x":0.45,"y":0},"t":0,"s":[{"i":[[0,-65.211],[-65.211,0],[0,65.211],[65.211,0]],"o":[[0,65.211],[65.211,0],[0,-65.211],[-65.211,0]],"v":[[-118.075,0],[0,118.075],[118.075,0],[0,-118.075]],"c":true}]},{"i":{"x":0.55,"y":1},"o":{"x":0.45,"y":0},"t":60,"s":[{"i":[[0,-59.496],[-59.496,0],[0,59.496],[59.496,0]],"o":[[0,59.496],[59.496,0],[0,-59.496],[-59.496,0]],"v":[[-107.727,0],[0,107.727],[107.727,0],[0,-107.727]],"c":true}]},{"t":120,"s":[{"i":[[0,-65.211],[-65.211,0],[0,65.211],[65.211,0]],"o":[[0,65.211],[65.211,0],[0,-65.211],[-65.211,0]],"v":[[-118.075,0],[0,118.075],[118.075,0],[0,-118.075]],"c":true}]}],"ix":2},"nm":"Path 1","mn":"ADBE Vector Shape - Group","hd":false},{"ty":"tr","p":{"a":0,"k":[252.985,252.273],"ix":2},"a":{"a":0,"k":[0,0],"ix":1},"s":{"a":0,"k":[100,100],"ix":3},"r":{"a":0,"k":0,"ix":6},"o":{"a":0,"k":100,"ix":7},"sk":{"a":0,"k":0,"ix":4},"sa":{"a":0,"k":0,"ix":5},"nm":"Transform"}],"nm":"Group 2","np":1,"cix":2,"bm":0,"ix":1,"mn":"ADBE Vector Group","hd":false},{"ty":"fl","c":{"a":0,"k":[0.485992431641,0.732971191406,0,1],"ix":4},"o":{"a":0,"k":100,"ix":5},"r":1,"bm":0,"nm":"Fill 1","mn":"ADBE Vector Graphic - Fill","hd":false}],"ip":0,"op":121,"st":0,"bm":0},{"ddd":0,"ind":13,"ty":4,"nm":"Merged Shape Layer","td":1,"sr":1,"ks":{"o":{"a":0,"k":100,"ix":11},"r":{"a":0,"k":0,"ix":10},"p":{"a":0,"k":[251.14,252.138,0],"ix":2},"a":{"a":0,"k":[251.14,252.138,0],"ix":1},"s":{"a":0,"k":[100,100,100],"ix":6}},"ao":0,"shapes":[{"ty":"gr","it":[{"ty":"gr","it":[{"ind":0,"ty":"sh","ix":1,"ks":{"a":0,"k":{"i":[[0,0],[6.444,0],[0,0],[0,5.184],[0,0],[0,0]],"o":[[0,5.184],[0,0],[-6.444,0],[0,0],[0,0],[0,0]],"v":[[59.892,209.818],[48.207,219.226],[38.844,219.226],[27.15,209.818],[27.15,85.609],[59.892,85.609]],"c":true},"ix":2},"nm":"Path 1","mn":"ADBE Vector Shape - Group","hd":false},{"ind":1,"ty":"sh","ix":2,"ks":{"a":0,"k":{"i":[[-32.154,37.816],[0,0],[0,0]],"o":[[0,0],[0,0],[-80.43,-123.364]],"v":[[58.832,-209.755],[58.832,83.257],[9.344,83.257]],"c":true},"ix":2},"nm":"Path 2","mn":"ADBE Vector Shape - Group","hd":false},{"ty":"fl","c":{"a":0,"k":[0.101999998093,0.090000003576,0.105999998748,1],"ix":4},"o":{"a":0,"k":100,"ix":5},"r":1,"bm":0,"nm":"Fill 1","mn":"ADBE Vector Graphic - Fill","hd":false},{"ty":"tr","p":{"a":0,"k":[374.395,249.473],"ix":2},"a":{"a":0,"k":[0,0],"ix":1},"s":{"a":0,"k":[100,100],"ix":3},"r":{"a":0,"k":0,"ix":6},"o":{"a":0,"k":100,"ix":7},"sk":{"a":0,"k":0,"ix":4},"sa":{"a":0,"k":0,"ix":5},"nm":"Transform"}],"nm":"Group 3","np":4,"cix":2,"bm":0,"ix":1,"mn":"ADBE Vector Group","hd":false},{"ty":"tr","p":{"a":1,"k":[{"i":{"x":0.667,"y":1},"o":{"x":0.75,"y":0},"t":0,"s":[392.365,252.273],"to":[0,0],"ti":[0,0]},{"i":{"x":0.667,"y":0.667},"o":{"x":0.75,"y":0.75},"t":30,"s":[252.985,252.273],"to":[0,0],"ti":[0,0]},{"i":{"x":0.667,"y":1},"o":{"x":0.75,"y":0},"t":75,"s":[252.985,252.273],"to":[0,0],"ti":[0,0]},{"t":105,"s":[392.365,252.273]}],"ix":2},"a":{"a":0,"k":[392.365,249.678],"ix":1},"s":{"a":1,"k":[{"i":{"x":[0.667,0.667],"y":[1,1]},"o":{"x":[0.75,0.75],"y":[0,0]},"t":30,"s":[100,100]},{"i":{"x":[0.25,0.25],"y":[1,1]},"o":{"x":[0.75,0.75],"y":[0,0]},"t":40,"s":[90,90]},{"i":{"x":[0.25,0.25],"y":[1,1]},"o":{"x":[0.333,0.333],"y":[0,0]},"t":60,"s":[90,90]},{"t":75,"s":[100,100]}],"ix":3},"r":{"a":1,"k":[{"i":{"x":[0.667],"y":[1]},"o":{"x":[0.75],"y":[0]},"t":0,"s":[0]},{"i":{"x":[0.667],"y":[1]},"o":{"x":[0.75],"y":[0]},"t":30,"s":[-45]},{"i":{"x":[0.667],"y":[1]},"o":{"x":[0.75],"y":[0]},"t":75,"s":[-45]},{"t":105,"s":[0]}],"ix":6},"o":{"a":0,"k":100,"ix":7},"sk":{"a":0,"k":0,"ix":4},"sa":{"a":0,"k":0,"ix":5},"nm":"Transform"}],"nm":"alpha 3","np":1,"cix":2,"bm":0,"ix":1,"mn":"ADBE Vector Group","hd":false},{"ty":"gr","it":[{"ty":"gr","it":[{"ty":"gr","it":[{"ind":0,"ty":"sh","ix":1,"ks":{"a":0,"k":{"i":[[0,-88.248],[-88.247,0],[0,88.248],[88.248,0]],"o":[[0,88.248],[88.248,0],[0,-88.248],[-88.247,0]],"v":[[-159.786,0],[0,159.786],[159.786,0],[0,-159.786]],"c":true},"ix":2},"nm":"Path 1","mn":"ADBE Vector Shape - Group","hd":false},{"ty":"st","c":{"a":0,"k":[0.101999998093,0.090000003576,0.105999998748,1],"ix":3},"o":{"a":0,"k":100,"ix":4},"w":{"a":0,"k":10,"ix":5},"lc":2,"lj":1,"ml":10,"bm":0,"nm":"Stroke 1","mn":"ADBE Vector Graphic - Stroke","hd":false},{"ty":"tr","p":{"a":0,"k":[252.985,252.273],"ix":2},"a":{"a":0,"k":[0,0],"ix":1},"s":{"a":0,"k":[100,100],"ix":3},"r":{"a":0,"k":0,"ix":6},"o":{"a":0,"k":100,"ix":7},"sk":{"a":0,"k":0,"ix":4},"sa":{"a":0,"k":0,"ix":5},"nm":"Transform"}],"nm":"Group 1","np":2,"cix":2,"bm":0,"ix":1,"mn":"ADBE Vector Group","hd":false},{"ty":"tm","s":{"a":1,"k":[{"i":{"x":[0.54],"y":[1]},"o":{"x":[0.46],"y":[0]},"t":0,"s":[66.7]},{"i":{"x":[0.54],"y":[1]},"o":{"x":[0.46],"y":[0]},"t":60,"s":[63.9]},{"t":120,"s":[66.7]}],"ix":1},"e":{"a":1,"k":[{"i":{"x":[0.54],"y":[1]},"o":{"x":[0.46],"y":[0]},"t":0,"s":[75.6]},{"i":{"x":[0.54],"y":[1]},"o":{"x":[0.46],"y":[0]},"t":60,"s":[69.6]},{"t":120,"s":[75.6]}],"ix":2},"o":{"a":0,"k":0,"ix":3},"m":1,"ix":2,"nm":"Trim Paths 1","mn":"ADBE Vector Filter - Trim","hd":false},{"ty":"tr","p":{"a":0,"k":[252.985,252.273],"ix":2},"a":{"a":0,"k":[252.985,252.273],"ix":1},"s":{"a":0,"k":[100,100],"ix":3},"r":{"a":0,"k":0,"ix":6},"o":{"a":0,"k":100,"ix":7},"sk":{"a":0,"k":0,"ix":4},"sa":{"a":0,"k":0,"ix":5},"nm":"Transform"}],"nm":"Restaurant - Group 15","np":2,"cix":2,"bm":0,"ix":1,"mn":"ADBE Vector Group","hd":false},{"ty":"gr","it":[{"ty":"gr","it":[{"ind":0,"ty":"sh","ix":1,"ks":{"a":0,"k":{"i":[[0,-88.248],[-88.247,0],[0,88.248],[88.248,0]],"o":[[0,88.248],[88.248,0],[0,-88.248],[-88.247,0]],"v":[[-159.786,0],[0,159.786],[159.786,0],[0,-159.786]],"c":true},"ix":2},"nm":"Path 1","mn":"ADBE Vector Shape - Group","hd":false},{"ty":"st","c":{"a":0,"k":[0.101999998093,0.090000003576,0.105999998748,1],"ix":3},"o":{"a":0,"k":100,"ix":4},"w":{"a":0,"k":10,"ix":5},"lc":2,"lj":1,"ml":10,"bm":0,"nm":"Stroke 1","mn":"ADBE Vector Graphic - Stroke","hd":false},{"ty":"tr","p":{"a":0,"k":[252.985,252.273],"ix":2},"a":{"a":0,"k":[0,0],"ix":1},"s":{"a":0,"k":[100,100],"ix":3},"r":{"a":0,"k":0,"ix":6},"o":{"a":0,"k":100,"ix":7},"sk":{"a":0,"k":0,"ix":4},"sa":{"a":0,"k":0,"ix":5},"nm":"Transform"}],"nm":"Group 1","np":2,"cix":2,"bm":0,"ix":1,"mn":"ADBE Vector Group","hd":false},{"ty":"tm","s":{"a":1,"k":[{"i":{"x":[0.54],"y":[1]},"o":{"x":[0.46],"y":[0]},"t":0,"s":[78.5]},{"i":{"x":[0.54],"y":[1]},"o":{"x":[0.46],"y":[0]},"t":60,"s":[72.5]},{"t":120,"s":[78.5]}],"ix":1},"e":{"a":1,"k":[{"i":{"x":[0.54],"y":[1]},"o":{"x":[0.46],"y":[0]},"t":0,"s":[83.6]},{"i":{"x":[0.54],"y":[1]},"o":{"x":[0.46],"y":[0]},"t":60,"s":[75.1]},{"t":120,"s":[83.6]}],"ix":2},"o":{"a":0,"k":0,"ix":3},"m":1,"ix":2,"nm":"Trim Paths 1","mn":"ADBE Vector Filter - Trim","hd":false},{"ty":"tr","p":{"a":0,"k":[252.985,252.273],"ix":2},"a":{"a":0,"k":[252.985,252.273],"ix":1},"s":{"a":0,"k":[100,100],"ix":3},"r":{"a":0,"k":0,"ix":6},"o":{"a":0,"k":100,"ix":7},"sk":{"a":0,"k":0,"ix":4},"sa":{"a":0,"k":0,"ix":5},"nm":"Transform"}],"nm":"Restaurant - Group 14","np":2,"cix":2,"bm":0,"ix":2,"mn":"ADBE Vector Group","hd":false},{"ty":"gr","it":[{"ty":"gr","it":[{"ind":0,"ty":"sh","ix":1,"ks":{"a":0,"k":{"i":[[0,-88.248],[-88.247,0],[0,88.248],[88.248,0]],"o":[[0,88.248],[88.248,0],[0,-88.248],[-88.247,0]],"v":[[-159.786,0],[0,159.786],[159.786,0],[0,-159.786]],"c":true},"ix":2},"nm":"Path 1","mn":"ADBE Vector Shape - Group","hd":false},{"ty":"st","c":{"a":0,"k":[0.101999998093,0.090000003576,0.105999998748,1],"ix":3},"o":{"a":0,"k":100,"ix":4},"w":{"a":0,"k":10,"ix":5},"lc":2,"lj":1,"ml":10,"bm":0,"nm":"Stroke 1","mn":"ADBE Vector Graphic - Stroke","hd":false},{"ty":"tr","p":{"a":0,"k":[252.985,252.273],"ix":2},"a":{"a":0,"k":[0,0],"ix":1},"s":{"a":0,"k":[100,100],"ix":3},"r":{"a":0,"k":0,"ix":6},"o":{"a":0,"k":100,"ix":7},"sk":{"a":0,"k":0,"ix":4},"sa":{"a":0,"k":0,"ix":5},"nm":"Transform"}],"nm":"Group 1","np":2,"cix":2,"bm":0,"ix":1,"mn":"ADBE Vector Group","hd":false},{"ty":"tm","s":{"a":1,"k":[{"i":{"x":[0.55],"y":[1]},"o":{"x":[0.45],"y":[0]},"t":-26,"s":[11.8]},{"i":{"x":[0.55],"y":[1]},"o":{"x":[0.45],"y":[0]},"t":34,"s":[9]},{"i":{"x":[0.55],"y":[1]},"o":{"x":[0.45],"y":[0]},"t":94,"s":[11.8]},{"i":{"x":[0.55],"y":[1]},"o":{"x":[0.45],"y":[0]},"t":154,"s":[9]},{"t":214,"s":[11.8]}],"ix":1},"e":{"a":1,"k":[{"i":{"x":[0.55],"y":[1]},"o":{"x":[0.45],"y":[0]},"t":-26,"s":[14.7]},{"i":{"x":[0.55],"y":[1]},"o":{"x":[0.45],"y":[0]},"t":34,"s":[10]},{"i":{"x":[0.55],"y":[1]},"o":{"x":[0.45],"y":[0]},"t":94,"s":[14.7]},{"i":{"x":[0.55],"y":[1]},"o":{"x":[0.45],"y":[0]},"t":154,"s":[10]},{"t":214,"s":[14.7]}],"ix":2},"o":{"a":0,"k":0,"ix":3},"m":1,"ix":2,"nm":"Trim Paths 1","mn":"ADBE Vector Filter - Trim","hd":false},{"ty":"tr","p":{"a":0,"k":[252.985,252.273],"ix":2},"a":{"a":0,"k":[252.985,252.273],"ix":1},"s":{"a":0,"k":[100,100],"ix":3},"r":{"a":0,"k":0,"ix":6},"o":{"a":0,"k":100,"ix":7},"sk":{"a":0,"k":0,"ix":4},"sa":{"a":0,"k":0,"ix":5},"nm":"Transform"}],"nm":"Restaurant - Group 13","np":2,"cix":2,"bm":0,"ix":3,"mn":"ADBE Vector Group","hd":false},{"ty":"gr","it":[{"ty":"gr","it":[{"ind":0,"ty":"sh","ix":1,"ks":{"a":0,"k":{"i":[[0,-88.248],[-88.247,0],[0,88.248],[88.248,0]],"o":[[0,88.248],[88.248,0],[0,-88.248],[-88.247,0]],"v":[[-159.786,0],[0,159.786],[159.786,0],[0,-159.786]],"c":true},"ix":2},"nm":"Path 1","mn":"ADBE Vector Shape - Group","hd":false},{"ty":"st","c":{"a":0,"k":[0.101999998093,0.090000003576,0.105999998748,1],"ix":3},"o":{"a":0,"k":100,"ix":4},"w":{"a":0,"k":10,"ix":5},"lc":2,"lj":1,"ml":10,"bm":0,"nm":"Stroke 1","mn":"ADBE Vector Graphic - Stroke","hd":false},{"ty":"tr","p":{"a":0,"k":[252.985,252.273],"ix":2},"a":{"a":0,"k":[0,0],"ix":1},"s":{"a":0,"k":[100,100],"ix":3},"r":{"a":0,"k":0,"ix":6},"o":{"a":0,"k":100,"ix":7},"sk":{"a":0,"k":0,"ix":4},"sa":{"a":0,"k":0,"ix":5},"nm":"Transform"}],"nm":"Group 1","np":2,"cix":2,"bm":0,"ix":1,"mn":"ADBE Vector Group","hd":false},{"ty":"tm","s":{"a":1,"k":[{"i":{"x":[0.55],"y":[1]},"o":{"x":[0.45],"y":[0]},"t":-26,"s":[17.4]},{"i":{"x":[0.55],"y":[1]},"o":{"x":[0.45],"y":[0]},"t":34,"s":[12.3]},{"i":{"x":[0.55],"y":[1]},"o":{"x":[0.45],"y":[0]},"t":94,"s":[17.4]},{"i":{"x":[0.55],"y":[1]},"o":{"x":[0.45],"y":[0]},"t":154,"s":[12.3]},{"t":214,"s":[17.4]}],"ix":1},"e":{"a":1,"k":[{"i":{"x":[0.55],"y":[1]},"o":{"x":[0.45],"y":[0]},"t":-26,"s":[27.6]},{"i":{"x":[0.55],"y":[1]},"o":{"x":[0.45],"y":[0]},"t":34,"s":[21.9]},{"i":{"x":[0.55],"y":[1]},"o":{"x":[0.45],"y":[0]},"t":94,"s":[27.6]},{"i":{"x":[0.55],"y":[1]},"o":{"x":[0.45],"y":[0]},"t":154,"s":[21.9]},{"t":214,"s":[27.6]}],"ix":2},"o":{"a":0,"k":0,"ix":3},"m":1,"ix":2,"nm":"Trim Paths 1","mn":"ADBE Vector Filter - Trim","hd":false},{"ty":"tr","p":{"a":0,"k":[252.985,252.273],"ix":2},"a":{"a":0,"k":[252.985,252.273],"ix":1},"s":{"a":0,"k":[100,100],"ix":3},"r":{"a":0,"k":0,"ix":6},"o":{"a":0,"k":100,"ix":7},"sk":{"a":0,"k":0,"ix":4},"sa":{"a":0,"k":0,"ix":5},"nm":"Transform"}],"nm":"Restaurant - Group 12","np":2,"cix":2,"bm":0,"ix":4,"mn":"ADBE Vector Group","hd":false},{"ty":"gr","it":[{"ty":"gr","it":[{"ind":0,"ty":"sh","ix":1,"ks":{"a":0,"k":{"i":[[0,-88.248],[-88.247,0],[0,88.248],[88.248,0]],"o":[[0,88.248],[88.248,0],[0,-88.248],[-88.247,0]],"v":[[-159.786,0],[0,159.786],[159.786,0],[0,-159.786]],"c":true},"ix":2},"nm":"Path 1","mn":"ADBE Vector Shape - Group","hd":false},{"ty":"st","c":{"a":0,"k":[0.101999998093,0.090000003576,0.105999998748,1],"ix":3},"o":{"a":0,"k":100,"ix":4},"w":{"a":0,"k":10,"ix":5},"lc":2,"lj":1,"ml":10,"bm":0,"nm":"Stroke 1","mn":"ADBE Vector Graphic - Stroke","hd":false},{"ty":"tr","p":{"a":0,"k":[252.985,252.273],"ix":2},"a":{"a":0,"k":[0,0],"ix":1},"s":{"a":0,"k":[100,100],"ix":3},"r":{"a":0,"k":0,"ix":6},"o":{"a":0,"k":100,"ix":7},"sk":{"a":0,"k":0,"ix":4},"sa":{"a":0,"k":0,"ix":5},"nm":"Transform"}],"nm":"Group 1","np":2,"cix":2,"bm":0,"ix":1,"mn":"ADBE Vector Group","hd":false},{"ty":"tm","s":{"a":1,"k":[{"i":{"x":[0.55],"y":[1]},"o":{"x":[0.45],"y":[0]},"t":-26,"s":[30.7]},{"i":{"x":[0.55],"y":[1]},"o":{"x":[0.45],"y":[0]},"t":34,"s":[24.5]},{"i":{"x":[0.55],"y":[1]},"o":{"x":[0.45],"y":[0]},"t":94,"s":[30.7]},{"i":{"x":[0.55],"y":[1]},"o":{"x":[0.45],"y":[0]},"t":154,"s":[24.5]},{"t":214,"s":[30.7]}],"ix":1},"e":{"a":1,"k":[{"i":{"x":[0.55],"y":[1]},"o":{"x":[0.45],"y":[0]},"t":-26,"s":[36.9]},{"i":{"x":[0.55],"y":[1]},"o":{"x":[0.45],"y":[0]},"t":34,"s":[32.3]},{"i":{"x":[0.55],"y":[1]},"o":{"x":[0.45],"y":[0]},"t":94,"s":[36.9]},{"i":{"x":[0.55],"y":[1]},"o":{"x":[0.45],"y":[0]},"t":154,"s":[32.3]},{"t":214,"s":[36.9]}],"ix":2},"o":{"a":0,"k":0,"ix":3},"m":1,"ix":2,"nm":"Trim Paths 1","mn":"ADBE Vector Filter - Trim","hd":false},{"ty":"tr","p":{"a":0,"k":[252.985,252.273],"ix":2},"a":{"a":0,"k":[252.985,252.273],"ix":1},"s":{"a":0,"k":[100,100],"ix":3},"r":{"a":0,"k":0,"ix":6},"o":{"a":0,"k":100,"ix":7},"sk":{"a":0,"k":0,"ix":4},"sa":{"a":0,"k":0,"ix":5},"nm":"Transform"}],"nm":"Restaurant - Group 1","np":2,"cix":2,"bm":0,"ix":5,"mn":"ADBE Vector Group","hd":false},{"ty":"tr","p":{"a":0,"k":[238.151,252.273],"ix":2},"a":{"a":0,"k":[238.151,252.273],"ix":1},"s":{"a":0,"k":[100,100],"ix":3},"r":{"a":0,"k":0,"ix":6},"o":{"a":0,"k":100,"ix":7},"sk":{"a":0,"k":0,"ix":4},"sa":{"a":0,"k":0,"ix":5},"nm":"Transform"}],"nm":"Merged Shape Layer","np":5,"cix":2,"bm":0,"ix":2,"mn":"ADBE Vector Group","hd":false}],"ip":0,"op":121,"st":0,"bm":0},{"ddd":0,"ind":14,"ty":4,"nm":"Restaurant - Group 2","tt":2,"sr":1,"ks":{"o":{"a":0,"k":100,"ix":11},"r":{"a":0,"k":0,"ix":10},"p":{"a":0,"k":[252.985,252.273,0],"ix":2},"a":{"a":0,"k":[252.985,252.273,0],"ix":1},"s":{"a":0,"k":[100,100,100],"ix":6}},"ao":0,"shapes":[{"ty":"gr","it":[{"ind":0,"ty":"sh","ix":1,"ks":{"a":0,"k":{"i":[[0,-122.457],[-122.457,0],[0,122.457],[122.457,0]],"o":[[0,122.457],[122.457,0],[0,-122.457],[-122.457,0]],"v":[[-221.728,0],[0,221.727],[221.728,0],[0,-221.727]],"c":true},"ix":2},"nm":"Path 1","mn":"ADBE Vector Shape - Group","hd":false},{"ty":"tr","p":{"a":0,"k":[252.985,252.273],"ix":2},"a":{"a":0,"k":[0,0],"ix":1},"s":{"a":0,"k":[100,100],"ix":3},"r":{"a":0,"k":0,"ix":6},"o":{"a":0,"k":100,"ix":7},"sk":{"a":0,"k":0,"ix":4},"sa":{"a":0,"k":0,"ix":5},"nm":"Transform"}],"nm":"Group 2","np":1,"cix":2,"bm":0,"ix":1,"mn":"ADBE Vector Group","hd":false},{"ty":"fl","c":{"a":0,"k":[1,0.732971191406,0,1],"ix":4},"o":{"a":0,"k":100,"ix":5},"r":1,"bm":0,"nm":"Fill 1","mn":"ADBE Vector Graphic - Fill","hd":false}],"ip":0,"op":121,"st":0,"bm":0}],"markers":[]}